TimeInterval,GantryFrom,GantryTo,VehicleType,TravelTime,TrafficFlow,SpaceMeanSpeed
2023/12/27 11:10,01F0532S,01F0557S,42,111,46,79
2023/08/24 15:45,01F0557S,01F0578S,31,135,156,54
2023/03/12 10:35,01F0880S,01F0928S,5,209,6,81
2023/11/15 03:00,01F0376S,01F0413S,42,149,7,86
2023/08/29 16:30,01F0699S,01F0750S,42,203,14,88
2023/02/28 10:30,01F0750S,01F0880S,42,494,9,93
2023/09/06 09:00,01F0467S,01F0492S,5,104,30,86
2023/05/29 05:40,01F0492S,01F0511S,5,73,6,91
2023/11/22 21:15,01F0557S,01F0578S,32,84,28,90
2023/09/04 16:30,01F0264S,01F0293S,41,113,9,90
2023/06/26 07:50,01F0413S,01F0467S,31,190,199,100
2023/01/06 00:35,01F0750S,01F0880S,31,431,50,108
2023/11/22 07:40,01F0633S,01F0664S,5,138,10,79
2023/12/12 22:35,01F0492S,01F0511S,32,67,19,100
2023/12/31 18:45,01F0664S,01F0681S,31,63,165,93
2023/11/23 02:30,01F0750S,01F0880S,31,442,25,104
2023/09/21 23:20,01F0699S,01F0750S,32,176,11,100
2023/07/31 23:45,01F0532S,01F0557S,41,103,3,86
2023/01/01 11:20,01F0511S,01F0532S,31,79,236,93
2023/04/22 00:15,01F0532S,01F0557S,5,101,10,86
2023/08/27 21:30,01F0633S,01F0664S,41,120,2,91
2023/02/10 10:45,01F0950S,01F0980S,31,120,203,90
2023/11/24 18:20,01F0376S,01F0413S,42,219,4,59
2023/02/07 02:30,01F0950S,01F0980S,31,98,23,108
2023/02/17 14:20,01F0492S,01F0511S,42,81,28,82
2023/09/09 04:55,01F0880S,01F0928S,41,181,2,93
2023/11/26 17:25,01F0699S,01F0750S,42,210,3,86
2023/10/27 01:05,01F0339S,01F0376S,5,153,8,86
2023/04/27 07:30,01F0511S,01F0532S,32,475,90,14
2023/11/24 04:40,01F0264S,01F0293S,31,102,37,100
2023/01/30 17:00,01F0950S,01F0980S,41,121,4,86
2023/01/10 06:05,01F0557S,01F0578S,41,83,1,90
2023/11/26 07:55,01F0750S,01F0880S,42,525,5,86
2023/08/12 06:00,01F0376S,01F0413S,42,204,9,64
2023/10/19 19:45,01F0880S,01F0928S,41,200,8,84
2023/07/04 02:00,01F0492S,01F0511S,31,66,21,100
2023/05/27 13:25,01F0467S,01F0492S,31,90,211,97
2023/07/05 22:45,01F0532S,01F0557S,31,106,122,82
2023/11/27 06:35,01F0492S,01F0511S,5,77,15,86
2023/04/12 03:00,01F0467S,01F0492S,31,85,26,104
2023/02/28 19:05,01F0293S,01F0339S,5,200,1,82
2023/12/10 07:40,01F0699S,01F0750S,31,178,132,100
2023/10/10 04:15,01F0880S,01F0928S,31,172,30,97
2023/06/08 05:00,01F0578S,01F0633S,42,225,15,86
2023/10/04 00:50,01F0413S,01F0467S,42,202,11,93
2023/04/02 00:25,01F0293S,01F0339S,31,157,86,104
2023/03/29 21:10,01F0532S,01F0557S,31,97,222,90
2023/06/23 12:00,01F0557S,01F0578S,31,81,184,90
2023/07/17 14:05,01F0511S,01F0532S,31,91,167,82
2023/05/02 15:05,01F0511S,01F0532S,31,87,172,86
2023/12/17 21:00,01F0376S,01F0413S,42,173,3,75
2023/10/04 02:45,01F0557S,01F0578S,42,79,11,93
2023/02/17 18:45,01F0950S,01F0980S,42,147,7,72
2023/05/11 16:10,01F0950S,01F0980S,41,127,3,82
2023/11/18 05:40,01F0578S,01F0633S,5,214,4,90
2023/10/02 07:00,01F0699S,01F0750S,41,294,2,61
2023/02/14 19:00,01F0750S,01F0880S,42,511,10,90
2023/02/06 03:50,01F0467S,01F0492S,5,105,4,84
2023/02/19 16:05,01F0293S,01F0339S,41,193,8,84
2023/07/12 07:15,01F0376S,01F0413S,42,198,6,64
2023/10/31 10:00,01F0750S,01F0880S,42,524,17,86
2023/04/01 15:55,01F0413S,01F0467S,41,221,3,86
2023/11/27 09:55,01F0750S,01F0880S,41,588,5,79
2023/03/29 00:20,01F0750S,01F0880S,5,534,17,86
2023/04/06 05:35,01F0511S,01F0532S,32,80,13,93
2023/09/23 16:15,01F0339S,01F0376S,5,193,6,66
2023/06/21 00:40,01F0376S,01F0413S,42,164,11,79
2023/11/07 02:20,01F0664S,01F0681S,31,58,16,104
2023/10/24 19:35,01F0376S,01F0413S,31,315,191,39
2023/07/09 21:10,01F0467S,01F0492S,41,93,1,93
2023/04/11 08:15,01F0511S,01F0532S,5,190,15,39
2023/11/27 10:45,01F0413S,01F0467S,42,235,20,81
2023/09/07 16:35,01F0750S,01F0880S,5,505,10,90
2023/06/10 11:10,01F0699S,01F0750S,42,194,11,93
2023/11/02 04:35,01F0880S,01F0928S,32,169,12,99
2023/08/23 08:50,01F0264S,01F0293S,42,114,17,90
2023/04/08 06:50,01F0664S,01F0681S,32,62,43,97
2023/02/19 18:30,01F0511S,01F0532S,41,87,8,84
2023/10/14 17:50,01F0664S,01F0681S,42,69,7,86
2023/08/12 13:10,01F0264S,01F0293S,42,122,14,82
2023/10/01 20:00,01F0681S,01F0699S,42,75,3,86
2023/03/29 16:45,01F0880S,01F0928S,5,294,10,57
2023/03/07 19:40,01F0413S,01F0467S,42,210,7,90
2023/01/29 16:55,01F0293S,01F0339S,32,188,41,86
2023/05/13 15:20,01F0950S,01F0980S,41,181,8,57
2023/03/29 18:20,01F0633S,01F0664S,5,179,6,59
2023/04/25 09:10,01F0511S,01F0532S,31,90,163,82
2023/02/19 13:35,01F0557S,01F0578S,31,80,217,93
2023/10/11 17:20,01F0532S,01F0557S,41,217,5,39
2023/09/02 13:25,01F0293S,01F0339S,32,177,59,90
2023/02/14 22:45,01F0928S,01F0950S,5,86,11,90
2023/06/29 14:00,01F0880S,01F0928S,5,277,16,61
2023/11/29 23:25,01F0880S,01F0928S,32,169,13,100
2023/09/09 06:30,01F0511S,01F0532S,32,76,22,97
2023/08/14 21:05,01F0264S,01F0293S,42,111,7,93
2023/05/27 00:05,01F0264S,01F0293S,32,106,17,97
2023/03/31 13:10,01F0699S,01F0750S,41,213,4,84
2023/09/18 03:30,01F0532S,01F0557S,5,99,3,90
2023/04/07 22:55,01F0750S,01F0880S,32,460,21,100
2023/10/13 16:05,01F0264S,01F0293S,5,117,12,86
2023/02/18 01:05,01F0681S,01F0699S,42,71,14,90
2023/02/05 15:35,01F0633S,01F0664S,32,137,41,79
2023/08/04 08:10,01F0699S,01F0750S,5,215,16,82
2023/12/04 07:35,01F0699S,01F0750S,31,216,204,82
2023/01/15 05:15,01F0681S,01F0699S,32,73,12,88
2023/08/24 04:20,01F0511S,01F0532S,5,88,6,82
2023/11/19 23:30,01F0928S,01F0950S,5,91,13,86
2023/08/24 19:15,01F0264S,01F0293S,41,114,11,90
2023/02/02 01:55,01F0633S,01F0664S,42,117,18,93
2023/08/19 01:45,01F0413S,01F0467S,32,193,13,97
2023/05/07 21:20,01F0699S,01F0750S,5,307,7,57
2023/03/15 03:30,01F0339S,01F0376S,41,0,0,0
2023/09/08 12:20,01F0264S,01F0293S,41,122,9,82
2023/06/03 00:30,01F0557S,01F0578S,31,75,55,100
2023/08/02 09:45,01F0633S,01F0664S,41,0,0,0
2023/03/24 20:45,01F0339S,01F0376S,42,161,9,79
2023/10/08 04:40,01F0511S,01F0532S,32,66,5,111
2023/12/14 01:25,01F0532S,01F0557S,31,92,41,97
2023/09/12 08:00,01F0413S,01F0467S,5,222,10,86
2023/06/12 08:05,01F0950S,01F0980S,31,121,152,86
2023/07/22 17:30,01F0511S,01F0532S,41,92,2,81
2023/09/30 20:00,01F0681S,01F0699S,31,70,113,90
2023/03/23 14:50,01F0339S,01F0376S,31,159,287,82
2023/05/16 02:30,01F0928S,01F0950S,32,74,2,104
2023/05/08 06:05,01F0467S,01F0492S,42,100,7,90
2023/07/05 23:20,01F0511S,01F0532S,42,89,14,82
2023/04/18 23:35,01F0928S,01F0950S,42,85,11,90
2023/07/10 11:45,01F0950S,01F0980S,5,125,28,86
2023/07/19 20:20,01F0699S,01F0750S,42,195,11,93
2023/06/26 02:05,01F0880S,01F0928S,32,152,3,111
2023/06/12 19:25,01F0699S,01F0750S,41,192,2,93
2023/08/01 17:20,01F0339S,01F0376S,5,204,6,63
2023/05/07 18:10,01F0699S,01F0750S,5,213,1,82
2023/08/05 14:35,01F0264S,01F0293S,31,113,282,90
2023/10/05 05:05,01F0264S,01F0293S,32,110,12,91
2023/09/04 23:00,01F0950S,01F0980S,41,113,5,93
2023/12/09 17:40,01F0467S,01F0492S,32,98,76,90
2023/11/29 03:40,01F0578S,01F0633S,32,196,3,100
2023/08/05 20:15,01F0467S,01F0492S,31,94,192,93
2023/10/09 13:25,01F0293S,01F0339S,32,174,41,93
2023/09/18 09:50,01F0413S,01F0467S,31,202,145,93
2023/11/01 10:15,01F0578S,01F0633S,31,348,113,54
2023/12/08 19:40,01F0293S,01F0339S,31,249,273,64
2023/02/05 03:35,01F0293S,01F0339S,5,196,2,82
2023/04/24 17:40,01F0376S,01F0413S,42,217,7,61
2023/11/27 01:30,01F0880S,01F0928S,41,184,1,93
2023/05/08 02:55,01F0578S,01F0633S,5,238,4,82
2023/11/16 23:05,01F0950S,01F0980S,42,122,17,86
2023/04/23 18:55,01F0578S,01F0633S,31,211,132,91
2023/12/19 18:00,01F0492S,01F0511S,41,93,7,72
2023/09/20 04:20,01F0376S,01F0413S,32,158,14,82
2023/05/13 13:15,01F0557S,01F0578S,42,96,12,77
2023/02/01 01:30,01F0264S,01F0293S,5,114,6,90
2023/09/09 03:30,01F0339S,01F0376S,5,171,7,75
2023/12/30 08:25,01F0681S,01F0699S,32,70,32,90
2023/11/03 21:15,01F0413S,01F0467S,5,213,8,90
2023/05/06 13:10,01F0633S,01F0664S,41,136,1,79
2023/03/15 07:00,01F0413S,01F0467S,31,192,186,100
2023/07/17 17:50,01F0557S,01F0578S,31,189,202,39
2023/01/17 08:10,01F0413S,01F0467S,5,223,11,86
2023/10/02 02:05,01F0376S,01F0413S,41,177,1,72
2023/01/30 17:50,01F0664S,01F0681S,32,66,41,90
2023/05/26 00:10,01F0681S,01F0699S,42,74,13,86
2023/10/13 12:50,01F0950S,01F0980S,42,123,27,86
2023/12/08 01:50,01F0681S,01F0699S,31,65,9,97
2023/04/09 09:35,01F0339S,01F0376S,31,139,314,93
2023/01/27 10:05,01F0950S,01F0980S,41,0,0,0
2023/11/05 04:45,01F0633S,01F0664S,42,142,3,75
2023/01/02 00:15,01F0557S,01F0578S,5,84,2,88
2023/04/29 16:35,01F0880S,01F0928S,41,272,8,61
2023/02/15 11:05,01F0413S,01F0467S,5,250,14,75
2023/08/05 14:30,01F0699S,01F0750S,32,190,49,93
2023/12/23 05:05,01F0293S,01F0339S,42,183,3,90
2023/02/24 17:05,01F0633S,01F0664S,31,123,121,90
2023/02/04 09:30,01F0880S,01F0928S,32,264,78,64
2023/02/01 07:20,01F0467S,01F0492S,42,101,14,88
2023/08/05 08:35,01F0376S,01F0413S,41,159,11,82
2023/04/10 06:50,01F0557S,01F0578S,31,92,231,79
2023/07/18 15:40,01F0880S,01F0928S,32,252,77,68
2023/04/12 12:40,01F0492S,01F0511S,41,73,4,91
2023/10/28 19:20,01F0532S,01F0557S,31,100,218,90
2023/12/31 08:35,01F0376S,01F0413S,5,187,1,68
2023/04/28 07:55,01F0557S,01F0578S,5,194,12,36
2023/12/28 14:10,01F0557S,01F0578S,32,103,75,72
2023/07/11 20:05,01F0578S,01F0633S,42,228,23,86
2023/01/22 04:45,01F0633S,01F0664S,5,0,0,0
2023/12/11 00:05,01F0633S,01F0664S,32,108,6,100
2023/08/31 12:50,01F0293S,01F0339S,42,248,14,64
2023/06/01 02:05,01F0492S,01F0511S,41,0,0,0
2023/08/06 15:45,01F0467S,01F0492S,31,93,225,93
2023/08/14 08:50,01F0511S,01F0532S,41,108,4,68
2023/11/10 23:25,01F0950S,01F0980S,31,105,83,100
2023/05/19 20:45,01F0511S,01F0532S,31,79,164,93
2023/04/06 14:45,01F0339S,01F0376S,32,153,136,86
2023/07/08 08:10,01F0557S,01F0578S,41,100,9,75
2023/09/09 12:35,01F0681S,01F0699S,31,68,114,93
2023/11/30 12:25,01F0339S,01F0376S,41,161,11,79
2023/09/19 22:55,01F0413S,01F0467S,5,218,4,88
2023/07/11 20:15,01F0293S,01F0339S,31,178,216,90
2023/11/09 15:05,01F0264S,01F0293S,5,120,32,86
2023/10/04 22:55,01F0467S,01F0492S,41,103,1,86
2023/02/15 09:15,01F0664S,01F0681S,5,72,29,82
2023/10/20 00:25,01F0664S,01F0681S,42,64,22,93
2023/06/25 22:20,01F0293S,01F0339S,42,186,3,86
2023/01/06 06:05,01F0681S,01F0699S,41,71,2,90
2023/08/01 15:50,01F0880S,01F0928S,31,189,183,90
2023/03/26 06:45,01F0492S,01F0511S,42,70,7,97
2023/03/21 21:05,01F0264S,01F0293S,5,119,6,86
2023/11/27 08:00,01F0578S,01F0633S,41,344,1,54
2023/08/22 09:15,01F0578S,01F0633S,32,325,71,57
2023/04/13 07:25,01F0578S,01F0633S,32,257,43,75
2023/05/28 23:50,01F0264S,01F0293S,41,115,2,90
2023/03/18 23:15,01F0293S,01F0339S,42,200,1,82
2023/08/23 09:05,01F0264S,01F0293S,42,126,23,82
2023/07/26 12:20,01F0928S,01F0950S,5,92,26,82
2023/06/12 11:00,01F0578S,01F0633S,31,218,104,90
2023/06/02 16:05,01F0413S,01F0467S,41,222,3,86
2023/08/24 16:25,01F0339S,01F0376S,31,158,334,82
2023/01/12 04:50,01F0264S,01F0293S,32,110,8,93
2023/03/07 12:10,01F0264S,01F0293S,42,113,26,90
2023/09/02 11:20,01F0928S,01F0950S,42,194,13,39
2023/04/20 15:20,01F0264S,01F0293S,5,126,17,82
2023/12/19 07:05,01F0950S,01F0980S,31,113,116,93
2023/04/05 19:05,01F0413S,01F0467S,32,201,36,93
2023/02/05 12:25,01F0557S,01F0578S,41,83,3,90
2023/01/26 11:15,01F0467S,01F0492S,31,91,275,97
2023/01/06 10:10,01F0376S,01F0413S,5,213,16,61
2023/07/03 09:55,01F0880S,01F0928S,5,260,29,64
2023/04/23 01:45,01F0699S,01F0750S,5,192,3,93
2023/11/09 12:05,01F0681S,01F0699S,41,72,1,90
2023/04/22 04:05,01F0413S,01F0467S,41,205,1,93
2023/01/26 14:10,01F0633S,01F0664S,31,118,182,93
2023/03/21 18:10,01F0750S,01F0880S,31,480,184,97
2023/08/15 12:40,01F0750S,01F0880S,32,501,57,90
2023/12/09 06:15,01F0467S,01F0492S,42,103,15,86
2023/10/10 04:30,01F0681S,01F0699S,5,79,11,79
2023/04/13 20:15,01F0699S,01F0750S,32,179,20,100
2023/06/23 08:35,01F0339S,01F0376S,5,161,9,79
2023/05/19 22:55,01F0532S,01F0557S,32,90,17,97
2023/12/03 05:15,01F0928S,01F0950S,41,0,0,0
2023/05/19 02:45,01F0578S,01F0633S,42,225,11,86
2023/11/14 00:25,01F0532S,01F0557S,5,97,13,90
2023/09/07 14:45,01F0376S,01F0413S,41,232,5,54
2023/07/09 09:20,01F0376S,01F0413S,42,188,7,68
2023/08/25 02:25,01F0950S,01F0980S,5,124,20,86
2023/02/06 03:55,01F0750S,01F0880S,31,454,24,102
2023/01/17 14:45,01F0681S,01F0699S,5,78,17,82
2023/11/04 13:25,01F0532S,01F0557S,31,99,254,90
2023/01/21 03:55,01F0699S,01F0750S,32,178,21,100
2023/04/05 17:55,01F0880S,01F0928S,32,181,43,93
2023/06/02 06:05,01F0264S,01F0293S,31,100,105,104
2023/01/06 23:25,01F0532S,01F0557S,31,92,111,97
2023/01/19 11:05,01F0467S,01F0492S,41,97,4,91
2023/03/30 14:40,01F0578S,01F0633S,32,252,69,75
2023/01/11 19:15,01F0681S,01F0699S,41,79,3,79
2023/04/03 12:55,01F0664S,01F0681S,5,71,5,82
2023/12/21 15:35,01F0750S,01F0880S,41,535,5,86
2023/12/31 15:35,01F0699S,01F0750S,31,187,187,97
2023/01/31 15:40,01F0880S,01F0928S,31,176,172,97
2023/05/02 18:40,01F0880S,01F0928S,41,212,9,79
2023/12/26 09:05,01F0492S,01F0511S,31,70,157,97
2023/03/08 07:35,01F0532S,01F0557S,32,296,83,28
2023/12/25 16:25,01F0750S,01F0880S,5,783,11,57
2023/01/05 14:55,01F0511S,01F0532S,42,96,20,75
2023/04/11 00:20,01F0293S,01F0339S,41,176,1,93
2023/08/05 03:20,01F0750S,01F0880S,5,512,10,90
2023/09/22 00:15,01F0264S,01F0293S,32,104,11,97
2023/08/11 11:40,01F0928S,01F0950S,5,94,13,82
2023/06/07 06:05,01F0376S,01F0413S,32,141,34,93
2023/07/08 12:35,01F0950S,01F0980S,42,246,8,43
2023/08/19 11:05,01F0339S,01F0376S,31,187,370,68
2023/11/13 14:00,01F0532S,01F0557S,42,121,46,72
2023/08/31 21:15,01F0293S,01F0339S,41,188,3,86
2023/08/30 18:40,01F0532S,01F0557S,32,105,42,82
2023/03/06 00:45,01F0681S,01F0699S,41,68,1,93
2023/06/24 14:00,01F0950S,01F0980S,31,120,231,90
2023/01/29 17:45,01F0681S,01F0699S,42,0,0,0
2023/02/14 12:40,01F0880S,01F0928S,31,182,168,93
2023/06/13 09:10,01F0532S,01F0557S,5,258,24,32
2023/03/05 09:50,01F0492S,01F0511S,41,69,3,97
2023/12/15 04:30,01F0928S,01F0950S,32,79,10,97
2023/04/15 15:00,01F0376S,01F0413S,31,150,243,86
2023/03/22 04:15,01F0413S,01F0467S,32,205,9,93
2023/11/11 23:45,01F0950S,01F0980S,31,101,84,104
2023/12/22 11:45,01F0578S,01F0633S,32,269,53,72
2023/10/01 17:15,01F0532S,01F0557S,31,119,297,75
2023/10/12 23:50,01F0264S,01F0293S,41,110,3,93
2023/11/05 02:15,01F0511S,01F0532S,41,74,2,99
2023/01/28 09:45,01F0750S,01F0880S,5,576,3,79
2023/04/08 18:25,01F0264S,01F0293S,42,119,7,86
2023/02/25 07:15,01F0293S,01F0339S,41,169,7,97
2023/08/14 08:35,01F0633S,01F0664S,32,129,70,84
2023/08/15 00:15,01F0467S,01F0492S,41,92,1,97
2023/06/13 11:45,01F0750S,01F0880S,41,582,3,79
2023/04/30 01:50,01F0492S,01F0511S,42,70,8,95
2023/06/27 16:40,01F0376S,01F0413S,42,220,16,57
2023/08/27 19:40,01F0750S,01F0880S,42,572,1,79
2023/01/11 13:30,01F0699S,01F0750S,32,188,48,95
2023/05/28 13:05,01F0492S,01F0511S,42,67,4,99
2023/02/05 04:50,01F0339S,01F0376S,32,139,23,93
2023/12/18 19:00,01F0557S,01F0578S,5,91,7,82
2023/07/31 09:25,01F0664S,01F0681S,31,62,147,97
2023/06/04 12:35,01F0467S,01F0492S,42,101,3,86
2023/06/08 12:50,01F0511S,01F0532S,31,81,188,90
2023/12/13 02:05,01F0578S,01F0633S,5,213,17,90
2023/02/13 05:45,01F0557S,01F0578S,41,82,1,90
2023/09/29 03:05,01F0557S,01F0578S,5,86,4,86
2023/01/17 00:05,01F0633S,01F0664S,31,110,30,100
2023/09/24 10:45,01F0880S,01F0928S,5,214,4,79
2023/12/26 20:05,01F0699S,01F0750S,41,0,0,0
2023/10/10 20:55,01F0557S,01F0578S,41,0,0,0
2023/10/20 14:25,01F0633S,01F0664S,5,161,16,68
2023/11/25 17:50,01F0880S,01F0928S,32,239,43,72
2023/08/31 16:45,01F0376S,01F0413S,31,170,173,75
2023/03/21 17:35,01F0578S,01F0633S,32,347,35,54
2023/08/29 10:40,01F0532S,01F0557S,5,116,25,75
2023/08/17 21:30,01F0376S,01F0413S,32,155,26,84
2023/08/14 04:40,01F0492S,01F0511S,41,0,0,0
2023/08/07 23:50,01F0264S,01F0293S,41,114,2,90
2023/05/12 13:55,01F0339S,01F0376S,31,165,309,79
2023/02/26 20:55,01F0339S,01F0376S,31,152,377,86
2023/06/15 16:00,01F0950S,01F0980S,42,122,21,86
2023/05/04 05:50,01F0511S,01F0532S,42,85,14,86
2023/11/16 22:05,01F0376S,01F0413S,42,179,7,72
2023/03/24 09:35,01F0880S,01F0928S,41,229,10,73
2023/03/02 19:25,01F0578S,01F0633S,5,277,12,70
2023/10/06 21:15,01F0264S,01F0293S,5,120,11,86
2023/07/17 22:05,01F0699S,01F0750S,41,0,0,0
2023/09/20 18:45,01F0467S,01F0492S,32,97,47,90
2023/12/14 19:20,01F0880S,01F0928S,42,191,4,90
2023/11/25 02:35,01F0750S,01F0880S,5,536,15,86
2023/09/09 01:35,01F0413S,01F0467S,32,214,6,88
2023/02/03 10:45,01F0293S,01F0339S,32,182,71,90
2023/04/11 21:20,01F0532S,01F0557S,42,101,11,86
2023/10/27 10:15,01F0681S,01F0699S,5,79,17,79
2023/01/06 16:15,01F0264S,01F0293S,42,125,20,82
2023/09/22 23:25,01F0492S,01F0511S,5,72,10,93
2023/06/16 02:05,01F0339S,01F0376S,5,163,5,79
2023/02/01 15:10,01F0376S,01F0413S,31,157,167,82
2023/12/02 01:00,01F0578S,01F0633S,42,208,12,93
2023/01/22 16:25,01F0511S,01F0532S,32,82,46,90
2023/06/15 00:15,01F0413S,01F0467S,42,207,15,93
2023/09/14 16:35,01F0339S,01F0376S,42,179,17,72
2023/08/19 08:00,01F0928S,01F0950S,5,112,6,68
2023/12/29 03:10,01F0750S,01F0880S,42,526,9,86
2023/08/29 15:05,01F0928S,01F0950S,42,90,21,86
2023/06/29 07:15,01F0699S,01F0750S,42,240,18,75
2023/10/31 19:00,01F0880S,01F0928S,41,224,10,75
2023/04/02 03:35,01F0467S,01F0492S,41,99,2,88
2023/02/08 05:40,01F0339S,01F0376S,5,156,13,82
2023/05/06 14:05,01F0339S,01F0376S,5,186,3,68
2023/11/15 07:05,01F0467S,01F0492S,42,97,12,91
2023/04/08 13:15,01F0293S,01F0339S,42,188,8,86
2023/09/03 19:30,01F0578S,01F0633S,5,257,3,75
2023/09/29 16:05,01F0664S,01F0681S,42,66,3,90
2023/07/15 09:50,01F0699S,01F0750S,41,204,8,88
2023/10/26 22:20,01F0492S,01F0511S,31,71,142,93
2023/04/20 16:25,01F0339S,01F0376S,31,149,353,86
2023/09/24 21:35,01F0681S,01F0699S,41,74,1,86
2023/02/10 20:00,01F0557S,01F0578S,5,331,5,21
2023/11/02 15:50,01F0492S,01F0511S,32,84,69,79
2023/09/11 23:40,01F0492S,01F0511S,31,67,58,100
2023/11/13 14:40,01F0492S,01F0511S,41,83,4,79
2023/06/30 05:25,01F0532S,01F0557S,32,90,35,97
2023/12/10 16:35,01F0293S,01F0339S,41,834,8,18
2023/07/11 04:00,01F0633S,01F0664S,31,110,16,99
2023/01/23 00:55,01F0557S,01F0578S,32,76,14,97
2023/12/14 20:20,01F0376S,01F0413S,42,197,14,64
2023/03/20 15:15,01F0264S,01F0293S,42,124,23,82
2023/04/13 10:15,01F0681S,01F0699S,5,77,30,82
2023/09/26 06:50,01F0413S,01F0467S,42,215,12,90
2023/01/28 08:25,01F0681S,01F0699S,41,70,5,90
2023/06/29 15:55,01F0633S,01F0664S,42,132,18,82
2023/10/05 06:50,01F0467S,01F0492S,31,90,159,97
2023/08/25 17:45,01F0750S,01F0880S,31,492,209,93
2023/03/01 12:05,01F0413S,01F0467S,31,201,149,93
2023/01/24 13:30,01F0681S,01F0699S,32,69,36,91
2023/01/23 18:50,01F0950S,01F0980S,31,107,161,100
2023/11/16 21:55,01F0928S,01F0950S,5,89,11,86
2023/08/08 18:40,01F0264S,01F0293S,31,111,297,93
2023/09/21 18:55,01F0950S,01F0980S,41,132,5,79
2023/12/20 20:20,01F0376S,01F0413S,32,153,20,86
2023/03/14 03:15,01F0557S,01F0578S,32,80,11,93
2023/12/08 23:00,01F0664S,01F0681S,32,65,27,93
2023/10/25 07:10,01F0376S,01F0413S,32,196,67,64
2023/06/12 13:50,01F0578S,01F0633S,41,281,3,68
2023/06/26 01:25,01F0376S,01F0413S,32,149,4,86
2023/08/29 17:45,01F0699S,01F0750S,42,206,16,86
2023/10/01 07:45,01F0950S,01F0980S,42,124,4,86
2023/07/01 09:45,01F0750S,01F0880S,32,1532,77,28
2023/11/12 19:10,01F0681S,01F0699S,32,68,27,93
2023/07/15 14:20,01F0928S,01F0950S,41,87,3,90
2023/02/09 06:20,01F0664S,01F0681S,32,64,32,93
2023/07/15 10:30,01F0413S,01F0467S,42,225,4,84
2023/04/05 09:35,01F0467S,01F0492S,5,96,5,93
2023/05/19 05:35,01F0664S,01F0681S,5,68,14,88
2023/09/27 21:50,01F0633S,01F0664S,5,133,6,81
2023/06/26 10:55,01F0339S,01F0376S,5,172,21,75
2023/04/16 04:25,01F0750S,01F0880S,5,521,3,86
2023/06/17 02:50,01F0376S,01F0413S,32,141,7,93
2023/09/22 00:25,01F0264S,01F0293S,31,99,52,104
2023/02/20 11:40,01F0339S,01F0376S,32,154,119,86
2023/07/10 11:20,01F0467S,01F0492S,32,95,81,93
2023/05/20 00:15,01F0492S,01F0511S,31,67,77,100
2023/02/15 14:45,01F0293S,01F0339S,42,192,20,82
2023/07/15 06:05,01F0664S,01F0681S,42,62,10,95
2023/04/04 22:15,01F0264S,01F0293S,42,118,1,86
2023/06/25 09:45,01F0467S,01F0492S,32,91,39,97
2023/12/07 11:20,01F0413S,01F0467S,42,217,24,88
2023/10/22 22:10,01F0264S,01F0293S,32,107,35,97
2023/11/24 00:35,01F0264S,01F0293S,42,118,4,86
2023/07/30 06:45,01F0532S,01F0557S,42,93,1,93
2023/03/11 00:00,01F0928S,01F0950S,32,79,16,97
2023/12/27 22:00,01F0376S,01F0413S,42,171,8,75
2023/07/18 19:40,01F0557S,01F0578S,41,96,2,75
2023/01/29 14:10,01F0532S,01F0557S,31,92,261,97
2023/06/17 05:55,01F0880S,01F0928S,42,192,11,90
2023/05/27 19:05,01F0293S,01F0339S,42,196,5,82
2023/10/02 07:10,01F0928S,01F0950S,5,105,6,73
2023/11/19 20:35,01F0557S,01F0578S,32,81,37,90
2023/12/18 08:30,01F0750S,01F0880S,31,780,248,57
2023/02/13 04:30,01F0467S,01F0492S,41,95,1,93
2023/05/18 20:15,01F0511S,01F0532S,42,87,6,84
2023/10/01 22:00,01F0264S,01F0293S,42,121,3,82
2023/02/19 22:55,01F0750S,01F0880S,31,445,153,104
2023/12/05 01:50,01F0664S,01F0681S,32,57,3,104
2023/04/15 22:20,01F0264S,01F0293S,31,109,267,93
2023/06/16 22:15,01F0293S,01F0339S,32,181,34,90
2023/11/21 10:20,01F0681S,01F0699S,31,68,70,93
2023/09/03 23:05,01F0467S,01F0492S,41,0,0,0
2023/02/27 05:15,01F0699S,01F0750S,41,0,0,0
2023/10/17 03:25,01F0339S,01F0376S,41,132,1,100
2023/10/17 05:05,01F0664S,01F0681S,41,0,0,0
2023/05/12 03:55,01F0467S,01F0492S,42,93,9,93
2023/02/10 01:45,01F0467S,01F0492S,5,95,18,91
2023/06/09 01:30,01F0880S,01F0928S,42,170,13,100
2023/06/10 02:55,01F0376S,01F0413S,41,144,1,90
2023/02/07 20:35,01F0264S,01F0293S,5,119,5,86
2023/05/11 07:25,01F0467S,01F0492S,5,102,20,86
2023/10/05 00:00,01F0950S,01F0980S,32,110,8,97
2023/11/26 04:00,01F0511S,01F0532S,31,76,16,97
2023/01/13 09:20,01F0950S,01F0980S,32,115,61,93
2023/05/18 12:45,01F0264S,01F0293S,31,112,212,90
2023/11/22 02:50,01F0339S,01F0376S,5,167,14,79
2023/07/22 17:55,01F0467S,01F0492S,31,91,201,97
2023/08/22 17:20,01F0750S,01F0880S,42,637,9,72
2023/02/28 03:55,01F0578S,01F0633S,41,192,1,100
2023/05/18 20:35,01F0950S,01F0980S,41,119,2,90
2023/11/11 20:15,01F0532S,01F0557S,41,96,2,91
2023/04/09 16:50,01F0532S,01F0557S,42,105,4,82
2023/03/02 22:20,01F0950S,01F0980S,32,107,21,100
2023/06/13 11:20,01F0264S,01F0293S,42,120,21,86
2023/09/03 21:40,01F0699S,01F0750S,42,201,7,90
2023/04/18 11:05,01F0928S,01F0950S,31,84,173,93
2023/07/03 02:05,01F0293S,01F0339S,42,170,2,95
2023/10/12 22:00,01F0339S,01F0376S,41,167,9,79
2023/08/08 19:40,01F0467S,01F0492S,31,90,152,97
2023/05/19 04:05,01F0339S,01F0376S,32,138,16,93
2023/12/01 10:50,01F0578S,01F0633S,41,377,1,50
2023/10/07 07:15,01F0681S,01F0699S,32,66,32,95
2023/08/18 05:30,01F0264S,01F0293S,5,121,11,82
2023/05/28 20:30,01F0264S,01F0293S,31,110,278,93
2023/06/05 18:15,01F0492S,01F0511S,31,72,171,93
2023/09/30 16:00,01F0492S,01F0511S,32,67,24,99
2023/12/07 20:40,01F0511S,01F0532S,5,87,5,86
2023/07/07 03:25,01F0681S,01F0699S,41,0,0,0
2023/01/19 09:30,01F0413S,01F0467S,31,194,155,97
2023/07/25 20:50,01F0376S,01F0413S,41,173,5,75
2023/06/28 09:05,01F0532S,01F0557S,31,261,190,32
2023/01/06 14:40,01F0467S,01F0492S,32,98,82,90
2023/06/02 15:00,01F0467S,01F0492S,5,102,26,86
2023/07/01 02:00,01F0467S,01F0492S,41,0,0,0
2023/03/04 20:50,01F0492S,01F0511S,42,76,9,90
2023/08/28 21:25,01F0633S,01F0664S,31,112,94,97
2023/03/26 13:30,01F0467S,01F0492S,32,92,48,97
2023/10/20 19:40,01F0467S,01F0492S,5,99,3,90
2023/01/12 10:30,01F0578S,01F0633S,41,317,1,61
2023/03/11 13:30,01F0264S,01F0293S,42,118,13,86
2023/12/18 19:55,01F0492S,01F0511S,42,81,8,82
2023/04/26 14:05,01F0511S,01F0532S,31,86,193,86
2023/12/26 15:00,01F0264S,01F0293S,42,118,24,86
2023/03/14 18:15,01F0339S,01F0376S,41,187,23,68
2023/12/09 04:45,01F0467S,01F0492S,5,101,2,86
2023/05/11 11:50,01F0557S,01F0578S,32,87,80,86
2023/04/17 05:00,01F0532S,01F0557S,32,92,21,97
2023/09/05 19:00,01F0413S,01F0467S,42,230,3,82
2023/03/17 01:20,01F0557S,01F0578S,41,82,1,90
2023/08/21 05:45,01F0699S,01F0750S,31,169,50,108
2023/12/17 23:45,01F0339S,01F0376S,41,141,2,91
2023/04/01 10:30,01F0413S,01F0467S,31,191,135,100
2023/08/01 07:25,01F0339S,01F0376S,32,184,90,72
2023/03/29 02:10,01F0339S,01F0376S,32,133,7,97
2023/03/21 19:20,01F0376S,01F0413S,31,230,232,57
2023/05/11 15:35,01F0928S,01F0950S,5,87,11,90
2023/04/25 15:55,01F0293S,01F0339S,41,203,12,79
2023/04/27 20:05,01F0578S,01F0633S,42,226,9,86
2023/12/19 11:30,01F0413S,01F0467S,41,224,5,86
2023/07/02 04:20,01F0928S,01F0950S,31,71,25,108
2023/06/21 03:55,01F0339S,01F0376S,41,0,0,0
2023/12/18 13:25,01F0681S,01F0699S,5,77,10,82
2023/11/04 07:25,01F0557S,01F0578S,41,95,9,79
2023/05/30 21:10,01F0511S,01F0532S,31,78,150,93
2023/11/18 06:20,01F0492S,01F0511S,41,73,9,93
2023/07/05 12:00,01F0578S,01F0633S,41,263,1,72
2023/02/15 17:50,01F0950S,01F0980S,41,125,3,86
2023/04/01 15:30,01F0681S,01F0699S,32,68,24,93
2023/07/26 21:00,01F0557S,01F0578S,42,83,5,90
2023/05/16 09:25,01F0557S,01F0578S,41,270,4,25
2023/09/27 19:10,01F0339S,01F0376S,5,309,7,39
2023/06/02 12:05,01F0339S,01F0376S,31,159,320,82
2023/09/25 04:25,01F0511S,01F0532S,41,0,0,0
2023/10/26 01:40,01F0950S,01F0980S,42,110,9,97
2023/04/25 18:20,01F0880S,01F0928S,42,269,14,61
2023/05/05 05:45,01F0578S,01F0633S,42,207,17,93
2023/08/31 10:10,01F0376S,01F0413S,42,184,15,72
2023/08/23 16:45,01F0492S,01F0511S,32,94,74,72
2023/05/16 08:00,01F0928S,01F0950S,5,119,10,64
2023/04/12 00:55,01F0376S,01F0413S,5,168,7,79
2023/12/24 13:25,01F0664S,01F0681S,41,0,0,0
2023/04/30 19:55,01F0633S,01F0664S,32,122,32,90
2023/08/21 14:00,01F0578S,01F0633S,41,0,0,0
2023/11/19 11:30,01F0557S,01F0578S,31,78,179,93
2023/02/24 11:40,01F0511S,01F0532S,31,107,157,68
2023/02/28 21:20,01F0699S,01F0750S,32,187,23,97
2023/05/12 20:00,01F0699S,01F0750S,32,202,29,90
2023/07/14 17:00,01F0557S,01F0578S,32,317,45,21
2023/12/28 04:15,01F0950S,01F0980S,42,116,8,91
2023/05/10 09:40,01F0750S,01F0880S,5,631,23,72
2023/03/29 05:35,01F0750S,01F0880S,42,507,19,90
2023/10/16 03:10,01F0928S,01F0950S,31,74,12,104
2023/04/07 01:20,01F0532S,01F0557S,41,0,0,0
2023/02/02 21:25,01F0699S,01F0750S,41,0,0,0
2023/10/09 10:35,01F0532S,01F0557S,42,118,13,75
2023/08/09 16:00,01F0664S,01F0681S,32,69,64,86
2023/01/19 02:40,01F0376S,01F0413S,32,133,7,97
2023/08/01 23:15,01F0492S,01F0511S,42,73,8,91
2023/11/20 03:50,01F0376S,01F0413S,5,172,3,75
2023/07/29 07:00,01F0532S,01F0557S,42,95,21,93
2023/01/29 01:55,01F0467S,01F0492S,31,82,48,108
2023/03/14 11:35,01F0557S,01F0578S,5,93,26,79
2023/08/25 05:15,01F0511S,01F0532S,32,81,15,90
2023/10/29 17:40,01F0492S,01F0511S,31,75,211,90
2023/01/08 19:00,01F0376S,01F0413S,42,193,3,68
2023/06/30 22:30,01F0699S,01F0750S,5,200,7,90
2023/07/15 04:45,01F0511S,01F0532S,31,74,34,100
2023/05/22 19:10,01F0413S,01F0467S,42,260,5,72
2023/11/12 12:25,01F0413S,01F0467S,31,196,189,97
2023/07/09 18:00,01F0293S,01F0339S,32,193,36,82
2023/06/21 13:30,01F0950S,01F0980S,5,146,13,72
2023/02/28 19:45,01F0557S,01F0578S,31,81,187,90
2023/10/29 05:55,01F0264S,01F0293S,42,111,3,93
2023/03/06 02:15,01F0413S,01F0467S,42,229,3,82
2023/01/08 00:25,01F0750S,01F0880S,42,502,4,90
2023/08/28 17:35,01F0633S,01F0664S,41,131,1,82
2023/07/15 06:50,01F0664S,01F0681S,5,69,10,86
2023/11/22 06:00,01F0880S,01F0928S,41,187,2,91
2023/05/08 21:10,01F0293S,01F0339S,32,177,20,90
2023/03/13 04:35,01F0880S,01F0928S,42,182,7,93
2023/08/01 07:20,01F0511S,01F0532S,31,118,226,61
2023/01/19 02:30,01F0264S,01F0293S,5,116,7,90
2023/05/05 07:15,01F0511S,01F0532S,41,136,5,54
2023/07/14 01:40,01F0950S,01F0980S,42,113,9,93
2023/07/21 12:50,01F0928S,01F0950S,31,92,181,82
2023/01/09 12:30,01F0578S,01F0633S,42,239,46,81
2023/03/28 04:05,01F0950S,01F0980S,32,110,5,97
2023/01/01 22:10,01F0928S,01F0950S,31,78,149,100
2023/11/22 14:00,01F0950S,01F0980S,41,124,5,86
2023/11/28 19:10,01F0664S,01F0681S,31,65,124,93
2023/03/06 12:45,01F0293S,01F0339S,5,195,23,82
2023/12/11 11:55,01F0376S,01F0413S,31,160,127,82
2023/01/23 17:15,01F0376S,01F0413S,42,196,2,68
2023/03/15 09:10,01F0664S,01F0681S,5,73,22,82
2023/07/12 04:40,01F0664S,01F0681S,5,67,12,90
2023/10/06 23:35,01F0578S,01F0633S,31,193,58,100
2023/11/24 21:30,01F0880S,01F0928S,31,385,258,43
2023/10/09 02:05,01F0681S,01F0699S,31,68,19,93
2023/01/25 13:30,01F0664S,01F0681S,41,69,1,86
2023/10/27 01:15,01F0492S,01F0511S,41,72,1,93
2023/03/30 10:20,01F0492S,01F0511S,31,90,144,73
2023/07/31 08:40,01F0413S,01F0467S,31,199,154,97
2023/01/18 10:20,01F0376S,01F0413S,31,169,158,75
2023/01/13 10:00,01F0413S,01F0467S,32,215,80,90
2023/02/08 00:50,01F0681S,01F0699S,31,67,26,95
2023/06/25 17:25,01F0633S,01F0664S,5,142,4,79
2023/07/16 23:10,01F0413S,01F0467S,41,202,3,93
2023/03/25 01:10,01F0950S,01F0980S,42,124,8,86
2023/07/20 00:15,01F0928S,01F0950S,32,72,5,108
2023/09/16 01:05,01F0376S,01F0413S,31,136,43,97
2023/04/02 09:00,01F0950S,01F0980S,31,228,274,46
2023/12/08 17:10,01F0664S,01F0681S,41,79,1,75
2023/08/30 03:00,01F0339S,01F0376S,31,133,41,97
2023/01/01 18:00,01F0880S,01F0928S,42,221,3,75
2023/01/28 05:10,01F0557S,01F0578S,31,75,29,100
2023/02/18 02:10,01F0557S,01F0578S,32,81,3,90
2023/03/13 11:10,01F0376S,01F0413S,5,231,19,57
2023/10/07 00:50,01F0950S,01F0980S,41,123,5,86
2023/10/21 23:50,01F0578S,01F0633S,42,214,14,90
2023/09/02 11:45,01F0511S,01F0532S,5,92,7,79
2023/04/16 07:05,01F0293S,01F0339S,32,159,23,100
2023/04/06 16:50,01F0699S,01F0750S,32,184,37,97
2023/07/09 17:45,01F0413S,01F0467S,31,197,220,97
2023/12/24 10:40,01F0511S,01F0532S,41,81,2,91
2023/10/03 06:45,01F0557S,01F0578S,32,91,74,82
2023/12/23 09:20,01F0664S,01F0681S,42,66,18,90
2023/07/19 18:25,01F0750S,01F0880S,5,566,4,81
2023/06/05 02:45,01F0376S,01F0413S,31,137,15,97
2023/03/22 11:20,01F0511S,01F0532S,31,82,174,90
2023/01/27 01:55,01F0413S,01F0467S,32,189,9,100
2023/03/31 08:10,01F0950S,01F0980S,41,120,7,90
2023/01/13 08:00,01F0376S,01F0413S,42,210,13,61
2023/01/12 00:00,01F0578S,01F0633S,5,213,11,90
2023/01/04 08:35,01F0750S,01F0880S,5,748,14,61
2023/03/18 09:55,01F0750S,01F0880S,31,2403,196,18
2023/11/20 05:25,01F0532S,01F0557S,5,103,12,86
2023/03/05 21:55,01F0264S,01F0293S,32,109,32,93
2023/02/13 12:55,01F0950S,01F0980S,31,106,111,100
2023/03/12 16:45,01F0664S,01F0681S,32,60,33,100
2023/03/17 14:55,01F0664S,01F0681S,31,62,162,97
2023/09/04 05:35,01F0264S,01F0293S,31,101,65,100
2023/04/14 13:40,01F0681S,01F0699S,42,74,30,86
2023/11/11 22:35,01F0633S,01F0664S,32,119,13,93
2023/04/20 13:35,01F0928S,01F0950S,5,103,6,75
2023/01/10 21:35,01F0664S,01F0681S,31,62,123,97
2023/09/10 08:10,01F0557S,01F0578S,5,0,0,0
2023/08/05 00:45,01F0681S,01F0699S,5,73,22,86
2023/08/17 23:20,01F0376S,01F0413S,41,169,2,75
2023/06/12 11:20,01F0928S,01F0950S,32,82,51,93
2023/06/07 10:40,01F0339S,01F0376S,31,156,283,82
2023/12/14 23:35,01F0664S,01F0681S,41,73,1,82
2023/07/23 19:25,01F0467S,01F0492S,32,93,28,93
2023/10/20 12:30,01F0681S,01F0699S,31,70,98,90
2023/11/27 09:00,01F0950S,01F0980S,41,126,7,82
2023/06/07 19:00,01F0467S,01F0492S,42,113,10,77
2023/10/11 23:30,01F0950S,01F0980S,5,119,18,90
2023/10/14 01:00,01F0376S,01F0413S,41,0,0,0
2023/01/04 15:15,01F0511S,01F0532S,31,84,175,90
2023/02/07 07:10,01F0511S,01F0532S,31,89,243,82
2023/01/19 04:50,01F0750S,01F0880S,41,480,2,95
2023/07/15 08:05,01F0664S,01F0681S,42,71,14,82
2023/08/08 13:20,01F0413S,01F0467S,31,205,173,93
2023/09/30 00:00,01F0578S,01F0633S,42,210,7,93
2023/07/05 22:50,01F0880S,01F0928S,5,176,5,97
2023/03/03 20:05,01F0413S,01F0467S,41,212,9,90
2023/10/04 18:10,01F0264S,01F0293S,41,156,17,64
2023/06/10 10:50,01F0633S,01F0664S,42,145,15,75
2023/10/24 08:55,01F0413S,01F0467S,41,217,7,86
2023/02/01 23:40,01F0293S,01F0339S,41,171,2,95
2023/09/18 11:50,01F0413S,01F0467S,31,204,135,93
2023/11/13 20:20,01F0492S,01F0511S,32,68,33,97
2023/12/01 14:05,01F0557S,01F0578S,41,96,1,75
2023/04/17 17:55,01F0467S,01F0492S,41,95,5,93
2023/08/12 04:15,01F0699S,01F0750S,31,171,28,104
2023/12/16 03:10,01F0928S,01F0950S,32,82,9,93
2023/10/06 21:55,01F0578S,01F0633S,31,248,153,79
2023/09/19 00:50,01F0578S,01F0633S,31,187,29,104
2023/01/28 18:35,01F0633S,01F0664S,5,135,3,79
2023/07/25 07:05,01F0492S,01F0511S,42,81,21,82
2023/10/29 22:20,01F0557S,01F0578S,41,82,3,90
2023/07/16 23:10,01F0293S,01F0339S,41,183,4,88
2023/06/15 21:35,01F0880S,01F0928S,31,170,119,100
2023/01/16 20:20,01F0339S,01F0376S,31,226,460,57
2023/05/14 23:00,01F0633S,01F0664S,31,112,86,97
2023/01/24 07:20,01F0633S,01F0664S,42,0,0,0
2023/09/28 16:55,01F0681S,01F0699S,42,81,7,79
2023/04/14 19:20,01F0511S,01F0532S,42,99,8,75
2023/11/20 15:45,01F0578S,01F0633S,32,363,54,54
2023/10/23 19:20,01F0511S,01F0532S,42,90,8,82
2023/11/02 23:15,01F0880S,01F0928S,32,1614,9,7
2023/02/22 19:55,01F0880S,01F0928S,41,192,12,88
2023/03/03 15:30,01F0578S,01F0633S,42,249,37,79
2023/05/20 02:00,01F0467S,01F0492S,32,91,12,97
2023/03/13 06:15,01F0633S,01F0664S,41,120,1,90
2023/07/28 19:40,01F0511S,01F0532S,5,88,4,84
2023/01/02 03:25,01F0633S,01F0664S,42,114,3,97
2023/12/07 07:30,01F0413S,01F0467S,32,202,64,93
2023/04/11 23:15,01F0467S,01F0492S,41,91,1,97
2023/07/28 22:00,01F0467S,01F0492S,41,97,1,90
2023/10/23 11:05,01F0339S,01F0376S,5,165,22,79
2023/12/02 15:35,01F0532S,01F0557S,5,160,6,54
2023/02/17 04:55,01F0339S,01F0376S,42,138,12,93
2023/03/09 02:55,01F0264S,01F0293S,31,102,15,100
2023/02/14 05:35,01F0532S,01F0557S,5,102,11,86
2023/12/08 23:05,01F0750S,01F0880S,31,463,173,100
2023/11/27 14:55,01F0557S,01F0578S,31,89,151,82
2023/05/26 21:05,01F0928S,01F0950S,31,96,219,79
2023/04/27 17:50,01F0413S,01F0467S,31,204,211,93
2023/04/30 21:05,01F0264S,01F0293S,31,111,294,91
2023/10/01 17:40,01F0511S,01F0532S,5,0,0,0
2023/09/23 09:55,01F0264S,01F0293S,32,114,71,90
2023/11/16 22:40,01F0492S,01F0511S,32,69,24,97
2023/10/23 10:30,01F0467S,01F0492S,41,98,4,90
2023/10/01 19:05,01F0376S,01F0413S,42,190,3,68
2023/11/09 22:20,01F0376S,01F0413S,31,153,141,86
2023/11/08 13:30,01F0664S,01F0681S,32,66,55,90
2023/10/25 05:05,01F0511S,01F0532S,5,86,8,86
2023/07/01 02:30,01F0557S,01F0578S,32,80,8,91
2023/08/25 15:25,01F0413S,01F0467S,31,212,174,90
2023/03/29 09:25,01F0293S,01F0339S,42,550,10,28
2023/04/29 01:50,01F0557S,01F0578S,5,85,12,86
2023/07/18 06:00,01F0633S,01F0664S,42,120,19,90
2023/06/02 18:35,01F0492S,01F0511S,32,114,59,57
2023/10/22 02:00,01F0511S,01F0532S,42,82,5,90
2023/03/05 03:10,01F0293S,01F0339S,5,0,0,0
2023/10/02 19:25,01F0467S,01F0492S,32,93,34,93
2023/05/19 08:35,01F0950S,01F0980S,32,119,39,90
2023/04/24 19:55,01F0880S,01F0928S,32,184,25,93
2023/07/19 01:35,01F0264S,01F0293S,42,112,9,90
2023/06/24 10:30,01F0532S,01F0557S,41,117,1,75
2023/04/05 12:40,01F0376S,01F0413S,32,145,34,90
2023/07/28 10:00,01F0376S,01F0413S,42,204,24,63
2023/01/15 07:00,01F0511S,01F0532S,5,88,1,82
2023/02/19 06:15,01F0928S,01F0950S,41,82,2,93
2023/08/03 05:10,01F0557S,01F0578S,31,77,22,95
2023/01/14 05:15,01F0264S,01F0293S,31,101,91,100
2023/07/13 15:15,01F0664S,01F0681S,5,69,16,86
2023/07/29 12:40,01F0376S,01F0413S,42,190,14,68
2023/04/02 03:55,01F0264S,01F0293S,41,134,1,75
2023/06/17 21:35,01F0467S,01F0492S,42,104,3,86
2023/09/29 18:15,01F0699S,01F0750S,5,212,2,84
2023/02/07 09:55,01F0467S,01F0492S,32,96,86,91
2023/11/19 06:05,01F0339S,01F0376S,32,132,39,100
2023/08/05 23:45,01F0376S,01F0413S,42,181,2,72
2023/03/11 17:00,01F0413S,01F0467S,41,227,8,82
2023/05/03 17:00,01F0633S,01F0664S,31,119,136,93
2023/03/05 04:30,01F0532S,01F0557S,41,0,0,0
2023/06/11 18:50,01F0376S,01F0413S,31,162,240,79
2023/12/27 08:15,01F0664S,01F0681S,5,72,10,82
2023/10/05 22:25,01F0750S,01F0880S,31,450,115,100
2023/09/08 20:10,01F0467S,01F0492S,32,93,56,93
2023/02/27 02:20,01F0578S,01F0633S,32,196,1,100
2023/11/21 18:30,01F0681S,01F0699S,5,78,8,81
2023/09/27 00:30,01F0511S,01F0532S,32,74,8,99
2023/11/16 09:40,01F0376S,01F0413S,32,263,71,50
2023/09/15 08:30,01F0511S,01F0532S,41,207,11,36
2023/06/07 21:50,01F0664S,01F0681S,41,63,2,95
2023/08/01 20:25,01F0492S,01F0511S,5,80,8,84
2023/10/01 18:00,01F0532S,01F0557S,5,105,2,84
2023/11/01 18:35,01F0376S,01F0413S,31,308,184,43
2023/01/22 04:15,01F0928S,01F0950S,5,0,0,0
2023/05/01 11:05,01F0492S,01F0511S,5,76,12,88
2023/08/21 03:15,01F0339S,01F0376S,41,124,1,104
2023/05/16 21:15,01F0950S,01F0980S,41,114,3,93
2023/10/07 17:20,01F0880S,01F0928S,31,209,277,79
2023/09/02 13:10,01F0413S,01F0467S,32,205,55,93
2023/08/25 01:10,01F0492S,01F0511S,31,71,35,93
2023/09/12 09:45,01F0532S,01F0557S,42,177,34,48
2023/05/10 15:05,01F0511S,01F0532S,41,91,6,81
2023/01/15 18:25,01F0339S,01F0376S,41,160,11,82
2023/11/18 17:20,01F0293S,01F0339S,5,505,5,32
2023/08/29 15:05,01F0511S,01F0532S,32,89,82,82
2023/09/28 19:25,01F0633S,01F0664S,31,161,165,68
2023/11/16 03:55,01F0928S,01F0950S,5,89,8,86
2023/06/17 09:25,01F0293S,01F0339S,41,254,11,64
2023/01/01 23:00,01F0532S,01F0557S,42,88,3,100
2023/03/07 10:25,01F0293S,01F0339S,31,183,198,90
2023/03/02 03:00,01F0376S,01F0413S,41,0,0,0
2023/08/20 19:50,01F0880S,01F0928S,5,256,2,66
2023/05/29 01:25,01F0339S,01F0376S,31,127,56,102
2023/11/18 17:40,01F0664S,01F0681S,42,78,6,77
2023/09/28 10:50,01F0339S,01F0376S,31,165,316,79
2023/06/02 20:05,01F0532S,01F0557S,31,112,274,79
2023/09/24 12:30,01F0492S,01F0511S,32,72,48,93
2023/10/19 21:20,01F0511S,01F0532S,31,78,148,93
2023/11/18 21:40,01F0339S,01F0376S,41,168,9,79
2023/01/24 06:50,01F0413S,01F0467S,42,219,2,88
2023/06/18 13:30,01F0532S,01F0557S,42,115,4,77
2023/04/21 12:00,01F0750S,01F0880S,41,521,5,86
2023/02/26 23:10,01F0578S,01F0633S,42,228,4,84
2023/09/13 19:50,01F0699S,01F0750S,31,179,72,100
2023/05/30 03:00,01F0928S,01F0950S,42,81,16,95
2023/08/29 22:35,01F0950S,01F0980S,32,116,14,91
2023/10/01 20:20,01F0681S,01F0699S,41,72,4,88
2023/12/17 11:00,01F0532S,01F0557S,41,555,2,48
2023/09/04 14:55,01F0950S,01F0980S,31,108,139,97
2023/06/04 09:30,01F0750S,01F0880S,31,473,204,97
2023/08/21 21:30,01F0750S,01F0880S,31,460,161,100
2023/12/30 11:10,01F0950S,01F0980S,42,383,3,25
2023/10/12 01:20,01F0339S,01F0376S,32,131,7,100
2023/01/02 18:00,01F0681S,01F0699S,42,74,1,86
2023/09/21 11:05,01F0413S,01F0467S,5,229,6,82
2023/04/19 09:55,01F0557S,01F0578S,41,211,4,34
2023/04/07 17:35,01F0264S,01F0293S,5,128,7,79
2023/10/13 21:00,01F0532S,01F0557S,41,106,3,82
2023/06/14 13:55,01F0699S,01F0750S,32,184,43,97
2023/10/09 10:35,01F0633S,01F0664S,5,135,8,81
2023/12/15 06:25,01F0664S,01F0681S,32,62,52,95
2023/04/07 02:35,01F0928S,01F0950S,5,89,15,86
2023/01/11 23:15,01F0928S,01F0950S,5,83,13,93
2023/10/09 16:45,01F0699S,01F0750S,42,225,3,79
2023/12/06 12:35,01F0413S,01F0467S,31,207,150,93
2023/07/16 14:35,01F0339S,01F0376S,5,176,5,75
2023/06/08 03:00,01F0664S,01F0681S,42,66,10,90
2023/01/18 02:05,01F0413S,01F0467S,32,195,9,97
2023/10/24 18:35,01F0928S,01F0950S,31,82,135,93
2023/08/15 19:15,01F0532S,01F0557S,5,116,8,75
2023/03/08 14:35,01F0928S,01F0950S,32,82,44,93
2023/09/24 02:20,01F0532S,01F0557S,31,87,48,100
2023/08/20 07:15,01F0413S,01F0467S,5,210,3,90
2023/11/12 17:15,01F0467S,01F0492S,32,101,43,86
2023/03/19 22:25,01F0664S,01F0681S,41,62,6,95
2023/02/16 08:15,01F0264S,01F0293S,31,105,265,97
2023/07/19 23:00,01F0681S,01F0699S,41,0,0,0
2023/06/25 07:00,01F0750S,01F0880S,32,459,36,100
2023/08/20 00:20,01F0557S,01F0578S,32,83,11,90
2023/09/07 11:55,01F0880S,01F0928S,31,184,183,93
2023/08/09 15:15,01F0699S,01F0750S,31,181,79,100
2023/01/11 08:35,01F0578S,01F0633S,5,315,20,61
2023/02/02 07:10,01F0699S,01F0750S,31,200,206,90
2023/10/08 20:30,01F0750S,01F0880S,41,589,6,77
2023/07/12 15:50,01F0293S,01F0339S,5,215,13,75
2023/02/18 03:35,01F0492S,01F0511S,42,68,5,97
2023/05/30 22:05,01F0950S,01F0980S,32,111,14,95
2023/04/21 17:05,01F0293S,01F0339S,42,332,11,46
2023/07/08 07:45,01F0664S,01F0681S,32,62,55,97
2023/01/26 04:50,01F0750S,01F0880S,31,451,69,100
2023/08/16 09:00,01F0928S,01F0950S,42,129,10,59
2023/04/18 12:35,01F0413S,01F0467S,41,217,6,88
2023/03/29 01:45,01F0532S,01F0557S,41,0,0,0
2023/11/10 02:50,01F0681S,01F0699S,41,0,0,0
2023/08/26 12:45,01F0880S,01F0928S,42,523,7,32
2023/04/07 01:35,01F0557S,01F0578S,31,70,26,106
2023/09/27 10:55,01F0492S,01F0511S,42,113,36,57
2023/10/13 21:45,01F0557S,01F0578S,31,85,161,86
2023/05/09 09:10,01F0681S,01F0699S,31,69,99,93
2023/05/16 18:25,01F0492S,01F0511S,42,91,6,73
2023/12/15 21:35,01F0413S,01F0467S,42,219,8,88
2023/07/12 22:30,01F0264S,01F0293S,31,105,214,97
2023/08/03 09:35,01F0664S,01F0681S,42,74,33,79
2023/03/21 01:45,01F0664S,01F0681S,42,60,9,100
2023/06/05 21:35,01F0532S,01F0557S,42,113,12,77
2023/11/26 09:15,01F0681S,01F0699S,41,67,3,93
2023/03/25 17:10,01F0633S,01F0664S,32,177,43,61
2023/09/19 18:20,01F0699S,01F0750S,5,195,4,91
2023/07/09 09:45,01F0511S,01F0532S,42,1043,2,41
2023/09/26 22:45,01F0950S,01F0980S,5,129,15,82
2023/10/09 04:15,01F0557S,01F0578S,31,78,18,93
2023/09/28 16:35,01F0511S,01F0532S,41,218,7,32
2023/09/14 14:05,01F0557S,01F0578S,5,94,24,79
2023/04/13 09:30,01F0467S,01F0492S,42,106,27,82
2023/03/30 06:10,01F0681S,01F0699S,31,64,47,100
2023/11/26 12:05,01F0950S,01F0980S,41,0,0,0
2023/12/09 11:10,01F0880S,01F0928S,31,731,248,21
2023/01/24 03:10,01F0633S,01F0664S,41,118,2,91
2023/11/10 20:40,01F0511S,01F0532S,41,92,7,79
2023/03/27 07:15,01F0880S,01F0928S,32,285,72,57
2023/09/20 13:50,01F0339S,01F0376S,32,173,152,75
2023/10/08 07:45,01F0264S,01F0293S,42,115,4,88
2023/04/18 12:30,01F0578S,01F0633S,32,222,55,86
2023/07/14 23:30,01F0492S,01F0511S,42,68,9,97
2023/07/06 21:50,01F0928S,01F0950S,31,77,93,100
2023/03/17 07:45,01F0264S,01F0293S,31,106,286,97
2023/04/05 15:05,01F0467S,01F0492S,31,91,253,97
2023/07/03 01:10,01F0750S,01F0880S,32,461,9,100
2023/03/21 03:00,01F0950S,01F0980S,32,121,3,86
2023/08/14 10:35,01F0681S,01F0699S,31,69,59,93
2023/03/20 03:35,01F0492S,01F0511S,31,68,16,97
2023/01/30 18:25,01F0467S,01F0492S,41,105,2,84
2023/03/01 07:40,01F0293S,01F0339S,5,196,12,82
2023/02/05 15:45,01F0750S,01F0880S,32,623,34,72
2023/04/24 08:45,01F0633S,01F0664S,5,145,20,75
2023/06/15 08:40,01F0633S,01F0664S,31,129,132,86
2023/07/22 03:45,01F0880S,01F0928S,5,183,10,93
2023/01/05 07:10,01F0339S,01F0376S,31,152,353,86
2023/03/04 07:00,01F0339S,01F0376S,42,154,16,84
2023/08/16 12:25,01F0681S,01F0699S,31,76,97,82
2023/04/13 10:20,01F0880S,01F0928S,5,330,23,50
2023/07/18 04:00,01F0467S,01F0492S,31,85,16,104
2023/12/29 07:15,01F0578S,01F0633S,5,301,18,64
2023/03/02 18:35,01F0578S,01F0633S,5,370,7,50
2023/10/31 02:25,01F0578S,01F0633S,41,0,0,0
2023/08/01 12:35,01F0664S,01F0681S,32,64,40,93
2023/02/05 16:20,01F0750S,01F0880S,42,792,3,57
2023/09/03 05:35,01F0750S,01F0880S,42,503,4,91
2023/11/16 00:05,01F0511S,01F0532S,41,0,0,0
2023/07/28 03:10,01F0578S,01F0633S,32,219,9,90
2023/07/30 09:00,01F0880S,01F0928S,31,177,190,97
2023/01/02 08:45,01F0664S,01F0681S,42,64,11,93
2023/11/18 06:50,01F0578S,01F0633S,41,224,9,86
2023/10/08 06:50,01F0293S,01F0339S,41,187,16,86
2023/02/16 03:25,01F0880S,01F0928S,32,170,5,100
2023/03/02 20:10,01F0664S,01F0681S,31,60,118,100
2023/11/21 07:55,01F0950S,01F0980S,31,113,139,93
2023/07/15 23:50,01F0264S,01F0293S,5,120,3,86
2023/06/02 06:15,01F0557S,01F0578S,42,96,13,75
2023/07/23 15:30,01F0950S,01F0980S,5,145,3,72
2023/09/03 13:25,01F0511S,01F0532S,42,1763,2,41
2023/05/27 17:10,01F0578S,01F0633S,31,232,171,82
2023/03/14 07:25,01F0578S,01F0633S,42,280,14,68
2023/08/31 00:10,01F0681S,01F0699S,31,67,23,93
2023/04/13 00:20,01F0293S,01F0339S,32,180,4,90
2023/02/12 12:30,01F0492S,01F0511S,41,71,2,93
2023/08/29 23:25,01F0293S,01F0339S,5,176,6,91
2023/11/29 21:00,01F0880S,01F0928S,42,190,13,90
2023/06/11 03:50,01F0633S,01F0664S,31,111,26,97
2023/06/05 10:55,01F0880S,01F0928S,5,275,23,61
2023/07/10 19:50,01F0467S,01F0492S,42,101,6,86
2023/05/10 02:10,01F0532S,01F0557S,41,0,0,0
2023/04/07 00:35,01F0928S,01F0950S,31,75,25,104
2023/05/05 12:30,01F0264S,01F0293S,41,113,11,90
2023/05/18 11:55,01F0880S,01F0928S,31,245,182,68
2023/08/07 03:40,01F0664S,01F0681S,5,75,9,79
2023/06/07 14:15,01F0699S,01F0750S,5,216,23,82
2023/02/10 11:45,01F0376S,01F0413S,42,190,16,68
2023/03/21 11:40,01F0532S,01F0557S,42,112,33,79
2023/01/05 16:45,01F0750S,01F0880S,5,553,11,82
2023/12/09 04:40,01F0578S,01F0633S,42,217,7,90
2023/07/03 16:25,01F0681S,01F0699S,31,67,57,93
2023/06/03 17:35,01F0492S,01F0511S,32,86,65,79
2023/08/05 23:35,01F0880S,01F0928S,31,173,109,97
2023/07/26 14:25,01F0950S,01F0980S,41,132,3,79
2023/08/15 15:20,01F0750S,01F0880S,32,658,64,68
2023/07/31 21:10,01F0264S,01F0293S,5,121,9,82
2023/05/25 03:20,01F0750S,01F0880S,5,495,15,93
2023/09/10 13:30,01F0578S,01F0633S,41,225,1,86
2023/12/01 21:00,01F0928S,01F0950S,42,261,10,28
2023/01/26 19:00,01F0511S,01F0532S,41,83,3,90
2023/08/06 16:10,01F0557S,01F0578S,32,83,61,90
2023/12/23 23:05,01F0293S,01F0339S,31,177,227,90
2023/07/29 02:05,01F0699S,01F0750S,31,169,14,106
2023/09/17 03:45,01F0467S,01F0492S,5,100,4,90
2023/01/15 07:05,01F0413S,01F0467S,32,193,23,97
2023/10/30 08:55,01F0750S,01F0880S,42,818,18,54
2023/06/23 08:25,01F0293S,01F0339S,31,166,149,97
2023/12/23 04:25,01F0376S,01F0413S,32,140,15,93
2023/04/20 11:50,01F0467S,01F0492S,41,98,3,90
2023/09/29 15:30,01F0293S,01F0339S,41,681,12,21
2023/08/23 12:00,01F0492S,01F0511S,32,74,70,90
2023/04/04 06:45,01F0511S,01F0532S,32,76,26,97
2023/05/08 00:00,01F0681S,01F0699S,41,68,1,93
2023/01/30 20:35,01F0532S,01F0557S,42,104,19,86
2023/07/29 07:50,01F0376S,01F0413S,31,136,118,97
2023/12/09 00:10,01F0557S,01F0578S,5,88,12,82
2023/09/22 03:55,01F0950S,01F0980S,31,112,7,93
2023/04/24 08:10,01F0413S,01F0467S,31,202,169,93
2023/06/13 16:15,01F0532S,01F0557S,41,108,3,82
2023/07/13 09:25,01F0699S,01F0750S,32,314,52,57
2023/08/08 02:35,01F0681S,01F0699S,5,78,12,81
2023/02/22 00:05,01F0664S,01F0681S,31,61,41,97
2023/02/12 10:00,01F0511S,01F0532S,31,77,179,97
2023/02/18 21:55,01F0492S,01F0511S,31,70,174,97
2023/02/26 19:05,01F0264S,01F0293S,31,109,236,93
2023/04/09 23:45,01F0511S,01F0532S,5,88,1,82
2023/09/18 10:15,01F0511S,01F0532S,41,89,1,82
2023/09/29 23:25,01F0664S,01F0681S,32,60,11,100
2023/10/18 09:30,01F0413S,01F0467S,32,222,79,86
2023/11/02 02:50,01F0293S,01F0339S,32,178,4,90
2023/07/08 22:15,01F0413S,01F0467S,31,201,230,93
2023/01/27 11:40,01F0880S,01F0928S,42,528,1,32
2023/11/22 18:05,01F0664S,01F0681S,5,85,3,72
2023/01/03 07:35,01F0532S,01F0557S,5,359,14,23
2023/04/14 07:00,01F0511S,01F0532S,41,93,8,81
2023/10/11 07:55,01F0293S,01F0339S,31,173,224,93
2023/10/17 16:45,01F0750S,01F0880S,31,482,197,93
2023/09/10 02:15,01F0532S,01F0557S,31,90,62,97
2023/12/15 00:35,01F0633S,01F0664S,31,111,30,97
2023/11/11 13:10,01F0681S,01F0699S,32,66,36,97
2023/11/23 08:30,01F0532S,01F0557S,31,216,257,39
2023/05/17 02:25,01F0664S,01F0681S,5,66,13,90
2023/11/08 20:15,01F0264S,01F0293S,5,116,9,90
2023/11/08 22:15,01F0293S,01F0339S,32,171,22,95
2023/10/06 08:55,01F0264S,01F0293S,5,121,50,82
2023/12/19 05:15,01F0578S,01F0633S,31,198,20,97
2023/02/23 13:30,01F0339S,01F0376S,32,160,152,82
2023/03/15 15:45,01F0633S,01F0664S,31,120,122,90
2023/07/21 07:40,01F0681S,01F0699S,5,76,14,82
2023/12/05 17:30,01F0339S,01F0376S,5,203,6,64
2023/02/22 15:20,01F0750S,01F0880S,41,511,7,90
2023/03/13 00:15,01F0376S,01F0413S,5,223,1,57
2023/09/06 06:10,01F0511S,01F0532S,5,87,15,86
2023/12/10 08:30,01F0699S,01F0750S,41,200,5,90
2023/09/01 11:35,01F0928S,01F0950S,32,86,53,90
2023/12/31 15:05,01F0376S,01F0413S,42,175,5,75
2023/09/02 20:55,01F0880S,01F0928S,41,179,7,93
2023/08/08 18:35,01F0699S,01F0750S,41,199,2,90
2023/06/02 11:55,01F0492S,01F0511S,41,73,3,93
2023/11/12 11:45,01F0467S,01F0492S,32,91,41,97
2023/09/22 20:15,01F0264S,01F0293S,42,126,5,82
2023/05/14 18:15,01F0750S,01F0880S,31,506,271,90
2023/05/27 20:35,01F0557S,01F0578S,5,105,3,72
2023/02/10 07:00,01F0339S,01F0376S,5,174,14,75
2023/05/21 12:30,01F0467S,01F0492S,31,90,184,97
2023/02/01 17:45,01F0511S,01F0532S,31,129,268,57
2023/11/27 18:10,01F0950S,01F0980S,5,157,9,68
2023/05/25 17:25,01F0557S,01F0578S,5,104,7,72
2023/06/20 18:05,01F0532S,01F0557S,41,459,6,18
2023/11/26 08:25,01F0492S,01F0511S,42,75,13,90
2023/08/11 06:10,01F0633S,01F0664S,41,120,2,91
2023/02/24 14:10,01F0880S,01F0928S,41,339,8,50
2023/12/18 09:25,01F0950S,01F0980S,5,131,24,79
2023/02/08 08:30,01F0664S,01F0681S,41,68,1,90
2023/04/14 00:15,01F0578S,01F0633S,32,235,3,82
2023/02/17 04:35,01F0928S,01F0950S,41,78,1,100
2023/02/25 18:50,01F0928S,01F0950S,5,93,5,82
2023/04/13 23:10,01F0699S,01F0750S,31,170,41,108
2023/01/08 23:05,01F0681S,01F0699S,42,78,4,82
2023/06/07 17:30,01F0376S,01F0413S,42,245,6,52
2023/03/23 21:45,01F0928S,01F0950S,42,84,10,91
2023/02/04 16:05,01F0664S,01F0681S,31,64,197,93
2023/03/14 21:50,01F0578S,01F0633S,41,217,3,90
2023/08/01 15:15,01F0578S,01F0633S,5,296,33,64
